,,0,1,2,3,4,5,6,7,8,9,10,11,12,13,14,15,,,StartRow,0,0,2,0,1,1,2,0,3,3,3,3,4,5,5,4,5,3,5,4,4,6,6,6,7
English v0,0,K,I,T,R,I,S,C,T,E,N,H,A,L,F,X,.,,,StartCol,1,4,1,7,0,7,1,10,0,3,8,6,0,0,4,10,8,10,12,13,4,0,7,14,0
n_row = 8,1,Q,U,A,R,T,E,R,T,W,E,N,T,Y,B,Z,:,,,length,2,2,4,3,7,6,4,4,4,2,3,3,5,4,4,3,5,5,4,3,6,6,6,2,2
n_col = 16,2,I,F,I,V,E,C,M,I,N,U,T,E,S,A,L,.,,,WORDS,it,is,five,ten,quarter,twenty,five,half,past,to,one,two,three,four,five ,six,seven,eight,nine,ten,eleven,twelve,oclock,am,pm
,3,P,A,S,T,O,B,T,W,O,N,E,I,G,H,T,S,,,English translation,it,is,five,ten,quarter,twenty,five,half,past,to,one,two,three,four,five,six,seven,eight,nine,ten,eleven,twelve,oclock,am,pm
,4,T,H,R,E,E,L,E,V,E,N,S,I,X,T,E,N,,,0:00:00,it,is,,,,,,,past,,,,,,,,,,,,,twelve,o'clock,am,
,5,F,O,U,R,F,I,V,E,S,E,V,E,N,I,N,E,,,0:05:00,it,is,five,,,,,,past,,,,,,,,,,,,,twelve,,am,
,6,T,W,E,L,V,E,X,O,C,L,O,C,K,Y,A,M,,,0:10:00,it,is,,ten,,,,,past,,,,,,,,,,,,,twelve,,am,
,7,P,M,-,-,-,-,-,-,-,-,-,-,-,-,-,-,,,0:15:00,it,is,,,quarter,,,,past,,,,,,,,,,,,,twelve,,am,
,,,,,,,,,,,,,,,,,,,,0:20:00,it,is,,,,twenty,,,past,,,,,,,,,,,,,twelve,,am,
,,,,,,,,,,,,,,,,,,,,0:25:00,it,is,,,,twenty,five,,past,,,,,,,,,,,,,twelve,,am,
,,,,,,,,,,,,,,,,,,,,0:30:00,it,is,,,,,,half,past,,,,,,,,,,,,,twelve,,am,
,,,,,,,,,,,,,,,,,,,,0:35:00,it,is,,,,twenty,five,,,to,one,,,,,,,,,,,,,am,
,,,,,,,,,,,,,,,,,,,,0:40:00,it,is,,,,twenty,,,,to,one,,,,,,,,,,,,,am,
,,,,,,,,,,,,,,,,,,,,0:45:00,it,is,,,quarter,,,,,to,one,,,,,,,,,,,,,am,
,,,,,,,,,,,,,,,,,,,,0:50:00,it,is,,ten,,,,,,to,one,,,,,,,,,,,,,am,
,,,,,,,,,,,,,,,,,,,,0:55:00,it,is,five,,,,,,,to,one,,,,,,,,,,,,,am,
,,,,,,,,,,,,,,,,,,,,1:00:00,it,is,,,,,,,,,one,,,,,,,,,,,,o'clock,am,
,,,,,,,,,,,,,,,,,,,,1:05:00,it,is,five,,,,,,past,,one,,,,,,,,,,,,,am,
author,FlorinC,,,,,,,,,,,,,,,,,,,1:10:00,it,is,,ten,,,,,past,,one,,,,,,,,,,,,,am,
email,,,,,,,,,,,,,,,,,,,,1:15:00,it,is,,,quarter,,,,past,,one,,,,,,,,,,,,,am,
licence,CC BY SA,,,,,,,,,,,,,,,,,,,1:20:00,it,is,,,,twenty,,,past,,one,,,,,,,,,,,,,am,
description,Faceplate from C3jr v1 English,,,,,,,,,,,,,,,,,,,1:25:00,it,is,,,,twenty,five,,past,,one,,,,,,,,,,,,,am,
,,,,,,,,,,,,,,,,,,,,1:30:00,it,is,,,,,,half,past,,one,,,,,,,,,,,,,am,
,,,,,,,,,,,,,,,,,,,,1:35:00,it,is,,,,twenty,five,,,to,,two,,,,,,,,,,,,am,
,,,,,,,,,,,,,,,,,,,,1:40:00,it,is,,,,twenty,,,,to,,two,,,,,,,,,,,,am,
,,,,,,,,,,,,,,,,,,,,1:45:00,it,is,,,quarter,,,,,to,,two,,,,,,,,,,,,am,
,,,,,,,,,,,,,,,,,,,,1:50:00,it,is,,ten,,,,,,to,,two,,,,,,,,,,,,am,
,,,,,,,,,,,,,,,,,,,,1:55:00,it,is,five,,,,,,,,,two,,,,,,,,,,,,am,
,,,,,,,,,,,,,,,,,,,,2:00:00,it,is,,,,,,,,,,two,,,,,,,,,,,o'clock,am,
,,,,,,,,,,,,,,,,,,,,2:05:00,it,is,five,,,,,,past,,,two,,,,,,,,,,,,am,
,,,,,,,,,,,,,,,,,,,,2:10:00,it,is,,ten,,,,,past,,,two,,,,,,,,,,,,am,
,,,,,,,,,,,,,,,,,,,,2:15:00,it,is,,,quarter,,,,past,,,two,,,,,,,,,,,,am,
,,,,,,,,,,,,,,,,,,,,2:20:00,it,is,,,,twenty,,,past,,,two,,,,,,,,,,,,am,
,,,,,,,,,,,,,,,,,,,,2:25:00,it,is,,,,twenty,five,,past,,,two,,,,,,,,,,,,am,
,,,,,,,,,,,,,,,,,,,,2:30:00,it,is,,,,,,half,past,,,two,,,,,,,,,,,,am,
,,,,,,,,,,,,,,,,,,,,2:35:00,it,is,,,,twenty,five,,,to,,,three,,,,,,,,,,,am,
,,,,,,,,,,,,,,,,,,,,2:40:00,it,is,,,,twenty,,,,to,,,three,,,,,,,,,,,am,
,,,,,,,,,,,,,,,,,,,,2:45:00,it,is,,,quarter,,,,,to,,,three,,,,,,,,,,,am,
,,,,,,,,,,,,,,,,,,,,2:50:00,it,is,,ten,,,,,,to,,,three,,,,,,,,,,,am,
,,,,,,,,,,,,,,,,,,,,2:55:00,it,is,five,,,,,,,to,,,three,,,,,,,,,,,am,
,,,,,,,,,,,,,,,,,,,,3:00:00,it,is,,,,,,,,,,,three,,,,,,,,,,o'clock,am,
,,,,,,,,,,,,,,,,,,,,3:05:00,it,is,five,,,,,,past,,,,three,,,,,,,,,,,am,
,,,,,,,,,,,,,,,,,,,,3:10:00,it,is,,ten,,,,,past,,,,three,,,,,,,,,,,am,
,,,,,,,,,,,,,,,,,,,,3:15:00,it,is,,,quarter,,,,past,,,,three,,,,,,,,,,,am,
,,,,,,,,,,,,,,,,,,,,3:20:00,it,is,,,,twenty,,,past,,,,three,,,,,,,,,,,am,
,,,,,,,,,,,,,,,,,,,,3:25:00,it,is,,,,twenty,five,,past,,,,three,,,,,,,,,,,am,
,,,,,,,,,,,,,,,,,,,,3:30:00,it,is,,,,,,half,past,,,,three,,,,,,,,,,,am,
,,,,,,,,,,,,,,,,,,,,3:35:00,it,is,,,,twenty,five,,,to,,,,four,,,,,,,,,,am,
,,,,,,,,,,,,,,,,,,,,3:40:00,it,is,,,,twenty,,,,to,,,,four,,,,,,,,,,am,
,,,,,,,,,,,,,,,,,,,,3:45:00,it,is,,,quarter,,,,,to,,,,four,,,,,,,,,,am,
,,,,,,,,,,,,,,,,,,,,3:50:00,it,is,,ten,,,,,,to,,,,four,,,,,,,,,,am,
,,,,,,,,,,,,,,,,,,,,3:55:00,it,is,five,,,,,,,to,,,,four,,,,,,,,,,am,
,,,,,,,,,,,,,,,,,,,,4:00:00,it,is,,,,,,,,,,,,four,,,,,,,,,o'clock,am,
,,,,,,,,,,,,,,,,,,,,4:05:00,it,is,five,,,,,,past,,,,,four,,,,,,,,,,am,
,,,,,,,,,,,,,,,,,,,,4:10:00,it,is,,ten,,,,,past,,,,,four,,,,,,,,,,am,
,,,,,,,,,,,,,,,,,,,,4:15:00,it,is,,,quarter,,,,past,,,,,four,,,,,,,,,,am,
,,,,,,,,,,,,,,,,,,,,4:20:00,it,is,,,,twenty,,,past,,,,,four,,,,,,,,,,am,
,,,,,,,,,,,,,,,,,,,,4:25:00,it,is,,,,twenty,five,,past,,,,,four,,,,,,,,,,am,
,,,,,,,,,,,,,,,,,,,,4:30:00,it,is,,,,,,half,past,,,,,four,,,,,,,,,,am,
,,,,,,,,,,,,,,,,,,,,4:35:00,it,is,,,,twenty,five,,,to,,,,,five,,,,,,,,,am,
,,,,,,,,,,,,,,,,,,,,4:40:00,it,is,,,,twenty,,,,to,,,,,five,,,,,,,,,am,
,,,,,,,,,,,,,,,,,,,,4:45:00,it,is,,,quarter,,,,,to,,,,,five,,,,,,,,,am,
,,,,,,,,,,,,,,,,,,,,4:50:00,it,is,,ten,,,,,,to,,,,,five,,,,,,,,,am,
,,,,,,,,,,,,,,,,,,,,4:55:00,it,is,five,,,,,,,to,,,,,five,,,,,,,,,am,
,,,,,,,,,,,,,,,,,,,,5:00:00,it,is,,,,,,,,,,,,,five,,,,,,,,o'clock,am,
,,,,,,,,,,,,,,,,,,,,5:05:00,it,is,five,,,,,,past,,,,,,five,,,,,,,,,am,
,,,,,,,,,,,,,,,,,,,,5:10:00,it,is,,ten,,,,,past,,,,,,five,,,,,,,,,am,
,,,,,,,,,,,,,,,,,,,,5:15:00,it,is,,,quarter,,,,past,,,,,,five,,,,,,,,,am,
,,,,,,,,,,,,,,,,,,,,5:20:00,it,is,,,,twenty,,,past,,,,,,five,,,,,,,,,am,
,,,,,,,,,,,,,,,,,,,,5:25:00,it,is,,,,twenty,five,,past,,,,,,five,,,,,,,,,am,
,,,,,,,,,,,,,,,,,,,,5:30:00,it,is,,,,,,half,past,,,,,,five,,,,,,,,,am,
,,,,,,,,,,,,,,,,,,,,5:35:00,it,is,,,,twenty,five,,,to,,,,,,six,,,,,,,,am,
,,,,,,,,,,,,,,,,,,,,5:40:00,it,is,,,,twenty,,,,to,,,,,,six,,,,,,,,am,
,,,,,,,,,,,,,,,,,,,,5:45:00,it,is,,,quarter,,,,,to,,,,,,six,,,,,,,,am,
,,,,,,,,,,,,,,,,,,,,5:50:00,it,is,,ten,,,,,,to,,,,,,six,,,,,,,,am,
,,,,,,,,,,,,,,,,,,,,5:55:00,it,is,five,,,,,,,to,,,,,,six,,,,,,,,am,
,,,,,,,,,,,,,,,,,,,,6:00:00,it,is,,,,,,,,,,,,,,six,,,,,,,o'clock,am,
,,,,,,,,,,,,,,,,,,,,6:05:00,it,is,five,,,,,,past,,,,,,,six,,,,,,,,am,
,,,,,,,,,,,,,,,,,,,,6:10:00,it,is,,ten,,,,,past,,,,,,,six,,,,,,,,am,
,,,,,,,,,,,,,,,,,,,,6:15:00,it,is,,,quarter,,,,past,,,,,,,six,,,,,,,,am,
,,,,,,,,,,,,,,,,,,,,6:20:00,it,is,,,,twenty,,,past,,,,,,,six,,,,,,,,am,
,,,,,,,,,,,,,,,,,,,,6:25:00,it,is,,,,twenty,five,,past,,,,,,,six,,,,,,,,am,
,,,,,,,,,,,,,,,,,,,,6:30:00,it,is,,,,,,half,past,,,,,,,six,,,,,,,,am,
,,,,,,,,,,,,,,,,,,,,6:35:00,it,is,,,,twenty,five,,,to,,,,,,,seven,,,,,,,am,
,,,,,,,,,,,,,,,,,,,,6:40:00,it,is,,,,twenty,,,,to,,,,,,,seven,,,,,,,am,
,,,,,,,,,,,,,,,,,,,,6:45:00,it,is,,,quarter,,,,,to,,,,,,,seven,,,,,,,am,
,,,,,,,,,,,,,,,,,,,,6:50:00,it,is,,ten,,,,,,to,,,,,,,seven,,,,,,,am,
,,,,,,,,,,,,,,,,,,,,6:55:00,it,is,five,,,,,,,to,,,,,,,seven,,,,,,,am,
,,,,,,,,,,,,,,,,,,,,7:00:00,it,is,,,,,,,,,,,,,,,seven,,,,,,o'clock,am,
,,,,,,,,,,,,,,,,,,,,7:05:00,it,is,five,,,,,,past,,,,,,,,seven,,,,,,,am,
,,,,,,,,,,,,,,,,,,,,7:10:00,it,is,,ten,,,,,past,,,,,,,,seven,,,,,,,am,
,,,,,,,,,,,,,,,,,,,,7:15:00,it,is,,,quarter,,,,past,,,,,,,,seven,,,,,,,am,
,,,,,,,,,,,,,,,,,,,,7:20:00,it,is,,,,twenty,,,past,,,,,,,,seven,,,,,,,am,
,,,,,,,,,,,,,,,,,,,,7:25:00,it,is,,,,twenty,five,,past,,,,,,,,seven,,,,,,,am,
,,,,,,,,,,,,,,,,,,,,7:30:00,it,is,,,,,,half,past,,,,,,,,seven,,,,,,,am,
,,,,,,,,,,,,,,,,,,,,7:35:00,it,is,,,,twenty,five,,,to,,,,,,,,eight,,,,,,am,
,,,,,,,,,,,,,,,,,,,,7:40:00,it,is,,,,twenty,,,,to,,,,,,,,eight,,,,,,am,
,,,,,,,,,,,,,,,,,,,,7:45:00,it,is,,,quarter,,,,,to,,,,,,,,eight,,,,,,am,
,,,,,,,,,,,,,,,,,,,,7:50:00,it,is,,ten,,,,,,to,,,,,,,,eight,,,,,,am,
,,,,,,,,,,,,,,,,,,,,7:55:00,it,is,five,,,,,,,to,,,,,,,,eight,,,,,,am,
,,,,,,,,,,,,,,,,,,,,8:00:00,it,is,,,,,,,,,,,,,,,,eight,,,,,o'clock,am,
,,,,,,,,,,,,,,,,,,,,8:05:00,it,is,five,,,,,,past,,,,,,,,,eight,,,,,,am,
,,,,,,,,,,,,,,,,,,,,8:10:00,it,is,,ten,,,,,past,,,,,,,,,eight,,,,,,am,
,,,,,,,,,,,,,,,,,,,,8:15:00,it,is,,,quarter,,,,past,,,,,,,,,eight,,,,,,am,
,,,,,,,,,,,,,,,,,,,,8:20:00,it,is,,,,twenty,,,past,,,,,,,,,eight,,,,,,am,
,,,,,,,,,,,,,,,,,,,,8:25:00,it,is,,,,twenty,five,,past,,,,,,,,,eight,,,,,,am,
,,,,,,,,,,,,,,,,,,,,8:30:00,it,is,,,,,,half,past,,,,,,,,,eight,,,,,,am,
,,,,,,,,,,,,,,,,,,,,8:35:00,it,is,,,,twenty,five,,,to,,,,,,,,,nine,,,,,am,
,,,,,,,,,,,,,,,,,,,,8:40:00,it,is,,,,twenty,,,,to,,,,,,,,,nine,,,,,am,
,,,,,,,,,,,,,,,,,,,,8:45:00,it,is,,,quarter,,,,,to,,,,,,,,,nine,,,,,am,
,,,,,,,,,,,,,,,,,,,,8:50:00,it,is,,ten,,,,,,to,,,,,,,,,nine,,,,,am,
,,,,,,,,,,,,,,,,,,,,8:55:00,it,is,five,,,,,,,to,,,,,,,,,nine,,,,,am,
,,,,,,,,,,,,,,,,,,,,9:00:00,it,is,,,,,,,,,,,,,,,,,nine,,,,o'clock,am,
,,,,,,,,,,,,,,,,,,,,9:05:00,it,is,five,,,,,,past,,,,,,,,,,nine,,,,,am,
,,,,,,,,,,,,,,,,,,,,9:10:00,it,is,,ten,,,,,past,,,,,,,,,,nine,,,,,am,
,,,,,,,,,,,,,,,,,,,,9:15:00,it,is,,,quarter,,,,past,,,,,,,,,,nine,,,,,am,
,,,,,,,,,,,,,,,,,,,,9:20:00,it,is,,,,twenty,,,past,,,,,,,,,,nine,,,,,am,
,,,,,,,,,,,,,,,,,,,,9:25:00,it,is,,,,twenty,five,,past,,,,,,,,,,nine,,,,,am,
,,,,,,,,,,,,,,,,,,,,9:30:00,it,is,,,,,,half,past,,,,,,,,,,nine,,,,,am,
,,,,,,,,,,,,,,,,,,,,9:35:00,it,is,,,,twenty,five,,,to,,,,,,,,,,ten,,,,am,
,,,,,,,,,,,,,,,,,,,,9:40:00,it,is,,,,twenty,,,,to,,,,,,,,,,ten,,,,am,
,,,,,,,,,,,,,,,,,,,,9:45:00,it,is,,,quarter,,,,,to,,,,,,,,,,ten,,,,am,
,,,,,,,,,,,,,,,,,,,,9:50:00,it,is,,ten,,,,,,to,,,,,,,,,,ten,,,,am,
,,,,,,,,,,,,,,,,,,,,9:55:00,it,is,five,,,,,,,to,,,,,,,,,,ten,,,,am,
,,,,,,,,,,,,,,,,,,,,10:00:00,it,is,,,,,,,,,,,,,,,,,,ten,,,o'clock,am,
,,,,,,,,,,,,,,,,,,,,10:05:00,it,is,five,,,,,,past,,,,,,,,,,,ten,,,,am,
,,,,,,,,,,,,,,,,,,,,10:10:00,it,is,,ten,,,,,past,,,,,,,,,,,ten,,,,am,
,,,,,,,,,,,,,,,,,,,,10:15:00,it,is,,,quarter,,,,past,,,,,,,,,,,ten,,,,am,
,,,,,,,,,,,,,,,,,,,,10:20:00,it,is,,,,twenty,,,past,,,,,,,,,,,ten,,,,am,
,,,,,,,,,,,,,,,,,,,,10:25:00,it,is,,,,twenty,five,,past,,,,,,,,,,,ten,,,,am,
,,,,,,,,,,,,,,,,,,,,10:30:00,it,is,,,,,,half,past,,,,,,,,,,,ten,,,,am,
,,,,,,,,,,,,,,,,,,,,10:35:00,it,is,,,,twenty,five,,,to,,,,,,,,,,,eleven,,,am,
,,,,,,,,,,,,,,,,,,,,10:40:00,it,is,,,,twenty,,,,to,,,,,,,,,,,eleven,,,am,
,,,,,,,,,,,,,,,,,,,,10:45:00,it,is,,,quarter,,,,,to,,,,,,,,,,,eleven,,,am,
,,,,,,,,,,,,,,,,,,,,10:50:00,it,is,,ten,,,,,,to,,,,,,,,,,,eleven,,,am,
,,,,,,,,,,,,,,,,,,,,10:55:00,it,is,five,,,,,,,to,,,,,,,,,,,eleven,,,am,
,,,,,,,,,,,,,,,,,,,,11:00:00,it,is,,,,,,,,,,,,,,,,,,,eleven,,o'clock,am,
,,,,,,,,,,,,,,,,,,,,11:05:00,it,is,five,,,,,,past,,,,,,,,,,,,eleven,,,am,
,,,,,,,,,,,,,,,,,,,,11:10:00,it,is,,ten,,,,,past,,,,,,,,,,,,eleven,,,am,
,,,,,,,,,,,,,,,,,,,,11:15:00,it,is,,,quarter,,,,past,,,,,,,,,,,,eleven,,,am,
,,,,,,,,,,,,,,,,,,,,11:20:00,it,is,,,,twenty,,,past,,,,,,,,,,,,eleven,,,am,
,,,,,,,,,,,,,,,,,,,,11:25:00,it,is,,,,twenty,five,,past,,,,,,,,,,,,eleven,,,am,
,,,,,,,,,,,,,,,,,,,,11:30:00,it,is,,,,,,half,past,,,,,,,,,,,,eleven,,,am,
,,,,,,,,,,,,,,,,,,,,11:35:00,it,is,,,,twenty,five,,,to,,,,,,,,,,,,twelve,,am,
,,,,,,,,,,,,,,,,,,,,11:40:00,it,is,,,,twenty,,,,to,,,,,,,,,,,,twelve,,am,
,,,,,,,,,,,,,,,,,,,,11:45:00,it,is,,,quarter,,,,,to,,,,,,,,,,,,twelve,,am,
,,,,,,,,,,,,,,,,,,,,11:50:00,it,is,,ten,,,,,,to,,,,,,,,,,,,twelve,,am,
,,,,,,,,,,,,,,,,,,,,11:55:00,it,is,five,,,,,,,to,,,,,,,,,,,,twelve,,am,
,,,,,,,,,,,,,,,,,,,,12:00:00,it,is,,,,,,,,,,,,,,,,,,,,twelve,o'clock,,pm
,,,,,,,,,,,,,,,,,,,,12:05:00,it,is,five,,,,,,past,,,,,,,,,,,,,twelve,,,pm
,,,,,,,,,,,,,,,,,,,,12:10:00,it,is,,ten,,,,,past,,,,,,,,,,,,,twelve,,,pm
,,,,,,,,,,,,,,,,,,,,12:15:00,it,is,,,quarter,,,,past,,,,,,,,,,,,,twelve,,,pm
,,,,,,,,,,,,,,,,,,,,12:20:00,it,is,,,,twenty,,,past,,,,,,,,,,,,,twelve,,,pm
,,,,,,,,,,,,,,,,,,,,12:25:00,it,is,,,,twenty,five,,past,,,,,,,,,,,,,twelve,,,pm
,,,,,,,,,,,,,,,,,,,,12:30:00,it,is,,,,,,half,past,,,,,,,,,,,,,twelve,,,pm
,,,,,,,,,,,,,,,,,,,,12:35:00,it,is,,,,twenty,five,,,to,one,,,,,,,,,,,,,,pm
,,,,,,,,,,,,,,,,,,,,12:40:00,it,is,,,,twenty,,,,to,one,,,,,,,,,,,,,,pm
,,,,,,,,,,,,,,,,,,,,12:45:00,it,is,,,quarter,,,,,to,one,,,,,,,,,,,,,,pm
,,,,,,,,,,,,,,,,,,,,12:50:00,it,is,,ten,,,,,,to,one,,,,,,,,,,,,,,pm
,,,,,,,,,,,,,,,,,,,,12:55:00,it,is,five,,,,,,,to,one,,,,,,,,,,,,,,pm
,,,,,,,,,,,,,,,,,,,,13:00:00,it,is,,,,,,,,,one,,,,,,,,,,,,o'clock,,pm
,,,,,,,,,,,,,,,,,,,,13:05:00,it,is,five,,,,,,past,,one,,,,,,,,,,,,,,pm
,,,,,,,,,,,,,,,,,,,,13:10:00,it,is,,ten,,,,,past,,one,,,,,,,,,,,,,,pm
,,,,,,,,,,,,,,,,,,,,13:15:00,it,is,,,quarter,,,,past,,one,,,,,,,,,,,,,,pm
,,,,,,,,,,,,,,,,,,,,13:20:00,it,is,,,,twenty,,,past,,one,,,,,,,,,,,,,,pm
,,,,,,,,,,,,,,,,,,,,13:25:00,it,is,,,,twenty,five,,past,,one,,,,,,,,,,,,,,pm
,,,,,,,,,,,,,,,,,,,,13:30:00,it,is,,,,,,half,past,,one,,,,,,,,,,,,,,pm
,,,,,,,,,,,,,,,,,,,,13:35:00,it,is,,,,twenty,five,,,to,,two,,,,,,,,,,,,,pm
,,,,,,,,,,,,,,,,,,,,13:40:00,it,is,,,,twenty,,,,to,,two,,,,,,,,,,,,,pm
,,,,,,,,,,,,,,,,,,,,13:45:00,it,is,,,quarter,,,,,to,,two,,,,,,,,,,,,,pm
,,,,,,,,,,,,,,,,,,,,13:50:00,it,is,,ten,,,,,,to,,two,,,,,,,,,,,,,pm
,,,,,,,,,,,,,,,,,,,,13:55:00,it,is,five,,,,,,,to,,two,,,,,,,,,,,,,pm
,,,,,,,,,,,,,,,,,,,,14:00:00,it,is,,,,,,,,,,two,,,,,,,,,,,o'clock,,pm
,,,,,,,,,,,,,,,,,,,,14:05:00,it,is,five,,,,,,past,,,two,,,,,,,,,,,,,pm
,,,,,,,,,,,,,,,,,,,,14:10:00,it,is,,ten,,,,,past,,,two,,,,,,,,,,,,,pm
,,,,,,,,,,,,,,,,,,,,14:15:00,it,is,,,quarter,,,,past,,,two,,,,,,,,,,,,,pm
,,,,,,,,,,,,,,,,,,,,14:20:00,it,is,,,,twenty,,,past,,,two,,,,,,,,,,,,,pm
,,,,,,,,,,,,,,,,,,,,14:25:00,it,is,,,,twenty,five,,past,,,two,,,,,,,,,,,,,pm
,,,,,,,,,,,,,,,,,,,,14:30:00,it,is,,,,,,half,past,,,two,,,,,,,,,,,,,pm
,,,,,,,,,,,,,,,,,,,,14:35:00,it,is,,,,twenty,five,,,to,,,three,,,,,,,,,,,,pm
,,,,,,,,,,,,,,,,,,,,14:40:00,it,is,,,,twenty,,,,to,,,three,,,,,,,,,,,,pm
,,,,,,,,,,,,,,,,,,,,14:45:00,it,is,,,quarter,,,,,to,,,three,,,,,,,,,,,,pm
,,,,,,,,,,,,,,,,,,,,14:50:00,it,is,,ten,,,,,,to,,,three,,,,,,,,,,,,pm
,,,,,,,,,,,,,,,,,,,,14:55:00,it,is,five,,,,,,,to,,,three,,,,,,,,,,,,pm
,,,,,,,,,,,,,,,,,,,,15:00:00,it,is,,,,,,,,,,,three,,,,,,,,,,o'clock,,pm
,,,,,,,,,,,,,,,,,,,,15:05:00,it,is,five,,,,,,past,,,,three,,,,,,,,,,,,pm
,,,,,,,,,,,,,,,,,,,,15:10:00,it,is,,ten,,,,,past,,,,three,,,,,,,,,,,,pm
,,,,,,,,,,,,,,,,,,,,15:15:00,it,is,,,quarter,,,,past,,,,three,,,,,,,,,,,,pm
,,,,,,,,,,,,,,,,,,,,15:20:00,it,is,,,,twenty,,,past,,,,three,,,,,,,,,,,,pm
,,,,,,,,,,,,,,,,,,,,15:25:00,it,is,,,,twenty,five,,past,,,,three,,,,,,,,,,,,pm
,,,,,,,,,,,,,,,,,,,,15:30:00,it,is,,,,,,half,past,,,,three,,,,,,,,,,,,pm
,,,,,,,,,,,,,,,,,,,,15:35:00,it,is,,,,twenty,five,,,to,,,,four,,,,,,,,,,,pm
,,,,,,,,,,,,,,,,,,,,15:40:00,it,is,,,,twenty,,,,to,,,,four,,,,,,,,,,,pm
,,,,,,,,,,,,,,,,,,,,15:45:00,it,is,,,quarter,,,,,to,,,,four,,,,,,,,,,,pm
,,,,,,,,,,,,,,,,,,,,15:50:00,it,is,,ten,,,,,,to,,,,four,,,,,,,,,,,pm
,,,,,,,,,,,,,,,,,,,,15:55:00,it,is,five,,,,,,,to,,,,four,,,,,,,,,,,pm
,,,,,,,,,,,,,,,,,,,,16:00:00,it,is,,,,,,,,,,,,four,,,,,,,,,o'clock,,pm
,,,,,,,,,,,,,,,,,,,,16:05:00,it,is,five,,,,,,past,,,,,four,,,,,,,,,,,pm
,,,,,,,,,,,,,,,,,,,,16:10:00,it,is,,ten,,,,,past,,,,,four,,,,,,,,,,,pm
,,,,,,,,,,,,,,,,,,,,16:15:00,it,is,,,quarter,,,,past,,,,,four,,,,,,,,,,,pm
,,,,,,,,,,,,,,,,,,,,16:20:00,it,is,,,,twenty,,,past,,,,,four,,,,,,,,,,,pm
,,,,,,,,,,,,,,,,,,,,16:25:00,it,is,,,,twenty,five,,past,,,,,four,,,,,,,,,,,pm
,,,,,,,,,,,,,,,,,,,,16:30:00,it,is,,,,,,half,past,,,,,four,,,,,,,,,,,pm
,,,,,,,,,,,,,,,,,,,,16:35:00,it,is,,,,twenty,five,,,to,,,,,five,,,,,,,,,,pm
,,,,,,,,,,,,,,,,,,,,16:40:00,it,is,,,,twenty,,,,to,,,,,five,,,,,,,,,,pm
,,,,,,,,,,,,,,,,,,,,16:45:00,it,is,,,quarter,,,,,to,,,,,five,,,,,,,,,,pm
,,,,,,,,,,,,,,,,,,,,16:50:00,it,is,,ten,,,,,,to,,,,,five,,,,,,,,,,pm
,,,,,,,,,,,,,,,,,,,,16:55:00,it,is,five,,,,,,,to,,,,,five,,,,,,,,,,pm
,,,,,,,,,,,,,,,,,,,,17:00:00,it,is,,,,,,,,,,,,,five,,,,,,,,o'clock,,pm
,,,,,,,,,,,,,,,,,,,,17:05:00,it,is,five,,,,,,past,,,,,,five,,,,,,,,,,pm
,,,,,,,,,,,,,,,,,,,,17:10:00,it,is,,ten,,,,,past,,,,,,five,,,,,,,,,,pm
,,,,,,,,,,,,,,,,,,,,17:15:00,it,is,,,quarter,,,,past,,,,,,five,,,,,,,,,,pm
,,,,,,,,,,,,,,,,,,,,17:20:00,it,is,,,,twenty,,,past,,,,,,five,,,,,,,,,,pm
,,,,,,,,,,,,,,,,,,,,17:25:00,it,is,,,,twenty,five,,past,,,,,,five,,,,,,,,,,pm
,,,,,,,,,,,,,,,,,,,,17:30:00,it,is,,,,,,half,past,,,,,,five,,,,,,,,,,pm
,,,,,,,,,,,,,,,,,,,,17:35:00,it,is,,,,twenty,five,,,to,,,,,,six,,,,,,,,,pm
,,,,,,,,,,,,,,,,,,,,17:40:00,it,is,,,,twenty,,,,to,,,,,,six,,,,,,,,,pm
,,,,,,,,,,,,,,,,,,,,17:45:00,it,is,,,quarter,,,,,to,,,,,,six,,,,,,,,,pm
,,,,,,,,,,,,,,,,,,,,17:50:00,it,is,,ten,,,,,,to,,,,,,six,,,,,,,,,pm
,,,,,,,,,,,,,,,,,,,,17:55:00,it,is,five,,,,,,,to,,,,,,six,,,,,,,,,pm
,,,,,,,,,,,,,,,,,,,,18:00:00,it,is,,,,,,,,,,,,,,six,,,,,,,o'clock,,pm
,,,,,,,,,,,,,,,,,,,,18:05:00,it,is,five,,,,,,past,,,,,,,six,,,,,,,,,pm
,,,,,,,,,,,,,,,,,,,,18:10:00,it,is,,ten,,,,,past,,,,,,,six,,,,,,,,,pm
,,,,,,,,,,,,,,,,,,,,18:15:00,it,is,,,quarter,,,,past,,,,,,,six,,,,,,,,,pm
,,,,,,,,,,,,,,,,,,,,18:20:00,it,is,,,,twenty,,,past,,,,,,,six,,,,,,,,,pm
,,,,,,,,,,,,,,,,,,,,18:25:00,it,is,,,,twenty,five,,past,,,,,,,six,,,,,,,,,pm
,,,,,,,,,,,,,,,,,,,,18:30:00,it,is,,,,,,half,past,,,,,,,six,,,,,,,,,pm
,,,,,,,,,,,,,,,,,,,,18:35:00,it,is,,,,twenty,five,,,to,,,,,,,seven,,,,,,,,pm
,,,,,,,,,,,,,,,,,,,,18:40:00,it,is,,,,twenty,,,,to,,,,,,,seven,,,,,,,,pm
,,,,,,,,,,,,,,,,,,,,18:45:00,it,is,,,quarter,,,,,to,,,,,,,seven,,,,,,,,pm
,,,,,,,,,,,,,,,,,,,,18:50:00,it,is,,ten,,,,,,to,,,,,,,seven,,,,,,,,pm
,,,,,,,,,,,,,,,,,,,,18:55:00,it,is,five,,,,,,,to,,,,,,,seven,,,,,,,,pm
,,,,,,,,,,,,,,,,,,,,19:00:00,it,is,,,,,,,,,,,,,,,seven,,,,,,o'clock,,pm
,,,,,,,,,,,,,,,,,,,,19:05:00,it,is,five,,,,,,past,,,,,,,,seven,,,,,,,,pm
,,,,,,,,,,,,,,,,,,,,19:10:00,it,is,,ten,,,,,past,,,,,,,,seven,,,,,,,,pm
,,,,,,,,,,,,,,,,,,,,19:15:00,it,is,,,quarter,,,,past,,,,,,,,seven,,,,,,,,pm
,,,,,,,,,,,,,,,,,,,,19:20:00,it,is,,,,twenty,,,past,,,,,,,,seven,,,,,,,,pm
,,,,,,,,,,,,,,,,,,,,19:25:00,it,is,,,,twenty,five,,past,,,,,,,,seven,,,,,,,,pm
,,,,,,,,,,,,,,,,,,,,19:30:00,it,is,,,,,,half,past,,,,,,,,seven,,,,,,,,pm
,,,,,,,,,,,,,,,,,,,,19:35:00,it,is,,,,twenty,five,,,to,,,,,,,,eight,,,,,,,pm
,,,,,,,,,,,,,,,,,,,,19:40:00,it,is,,,,twenty,,,,to,,,,,,,,eight,,,,,,,pm
,,,,,,,,,,,,,,,,,,,,19:45:00,it,is,,,quarter,,,,,to,,,,,,,,eight,,,,,,,pm
,,,,,,,,,,,,,,,,,,,,19:50:00,it,is,,ten,,,,,,to,,,,,,,,eight,,,,,,,pm
,,,,,,,,,,,,,,,,,,,,19:55:00,it,is,five,,,,,,,to,,,,,,,,eight,,,,,,,pm
,,,,,,,,,,,,,,,,,,,,20:00:00,it,is,,,,,,,,,,,,,,,,eight,,,,,o'clock,,pm
,,,,,,,,,,,,,,,,,,,,20:05:00,it,is,five,,,,,,past,,,,,,,,,eight,,,,,,,pm
,,,,,,,,,,,,,,,,,,,,20:10:00,it,is,,ten,,,,,past,,,,,,,,,eight,,,,,,,pm
,,,,,,,,,,,,,,,,,,,,20:15:00,it,is,,,quarter,,,,past,,,,,,,,,eight,,,,,,,pm
,,,,,,,,,,,,,,,,,,,,20:20:00,it,is,,,,twenty,,,past,,,,,,,,,eight,,,,,,,pm
,,,,,,,,,,,,,,,,,,,,20:25:00,it,is,,,,twenty,five,,past,,,,,,,,,eight,,,,,,,pm
,,,,,,,,,,,,,,,,,,,,20:30:00,it,is,,,,,,half,past,,,,,,,,,eight,,,,,,,pm
,,,,,,,,,,,,,,,,,,,,20:35:00,it,is,,,,twenty,five,,,to,,,,,,,,,nine,,,,,,pm
,,,,,,,,,,,,,,,,,,,,20:40:00,it,is,,,,twenty,,,,to,,,,,,,,,nine,,,,,,pm
,,,,,,,,,,,,,,,,,,,,20:45:00,it,is,,,quarter,,,,,to,,,,,,,,,nine,,,,,,pm
,,,,,,,,,,,,,,,,,,,,20:50:00,it,is,,ten,,,,,,to,,,,,,,,,nine,,,,,,pm
,,,,,,,,,,,,,,,,,,,,20:55:00,it,is,five,,,,,,,to,,,,,,,,,nine,,,,,,pm
,,,,,,,,,,,,,,,,,,,,21:00:00,it,is,,,,,,,,,,,,,,,,,nine,,,,o'clock,,pm
,,,,,,,,,,,,,,,,,,,,21:05:00,it,is,five,,,,,,past,,,,,,,,,,nine,,,,,,pm
,,,,,,,,,,,,,,,,,,,,21:10:00,it,is,,ten,,,,,past,,,,,,,,,,nine,,,,,,pm
,,,,,,,,,,,,,,,,,,,,21:15:00,it,is,,,quarter,,,,past,,,,,,,,,,nine,,,,,,pm
,,,,,,,,,,,,,,,,,,,,21:20:00,it,is,,,,twenty,,,past,,,,,,,,,,nine,,,,,,pm
,,,,,,,,,,,,,,,,,,,,21:25:00,it,is,,,,twenty,five,,past,,,,,,,,,,nine,,,,,,pm
,,,,,,,,,,,,,,,,,,,,21:30:00,it,is,,,,,,half,past,,,,,,,,,,nine,,,,,,pm
,,,,,,,,,,,,,,,,,,,,21:35:00,it,is,,,,twenty,five,,,to,,,,,,,,,,ten,,,,,pm
,,,,,,,,,,,,,,,,,,,,21:40:00,it,is,,,,twenty,,,,to,,,,,,,,,,ten,,,,,pm
,,,,,,,,,,,,,,,,,,,,21:45:00,it,is,,,quarter,,,,,to,,,,,,,,,,ten,,,,,pm
,,,,,,,,,,,,,,,,,,,,21:50:00,it,is,,ten,,,,,,to,,,,,,,,,,ten,,,,,pm
,,,,,,,,,,,,,,,,,,,,21:55:00,it,is,five,,,,,,,to,,,,,,,,,,ten,,,,,pm
,,,,,,,,,,,,,,,,,,,,22:00:00,it,is,,,,,,,,,,,,,,,,,,ten,,,o'clock,,pm
,,,,,,,,,,,,,,,,,,,,22:05:00,it,is,five,,,,,,past,,,,,,,,,,,ten,,,,,pm
,,,,,,,,,,,,,,,,,,,,22:10:00,it,is,,ten,,,,,past,,,,,,,,,,,ten,,,,,pm
,,,,,,,,,,,,,,,,,,,,22:15:00,it,is,,,quarter,,,,past,,,,,,,,,,,ten,,,,,pm
,,,,,,,,,,,,,,,,,,,,22:20:00,it,is,,,,twenty,,,past,,,,,,,,,,,ten,,,,,pm
,,,,,,,,,,,,,,,,,,,,22:25:00,it,is,,,,twenty,five,,past,,,,,,,,,,,ten,,,,,pm
,,,,,,,,,,,,,,,,,,,,22:30:00,it,is,,,,,,half,past,,,,,,,,,,,ten,,,,,pm
,,,,,,,,,,,,,,,,,,,,22:35:00,it,is,,,,twenty,five,,,to,,,,,,,,,,,eleven,,,,pm
,,,,,,,,,,,,,,,,,,,,22:40:00,it,is,,,,twenty,,,,to,,,,,,,,,,,eleven,,,,pm
,,,,,,,,,,,,,,,,,,,,22:45:00,it,is,,,quarter,,,,,to,,,,,,,,,,,eleven,,,,pm
,,,,,,,,,,,,,,,,,,,,22:50:00,it,is,,ten,,,,,,to,,,,,,,,,,,eleven,,,,pm
,,,,,,,,,,,,,,,,,,,,22:55:00,it,is,five,,,,,,,to,,,,,,,,,,,eleven,,,,pm
,,,,,,,,,,,,,,,,,,,,23:00:00,it,is,,,,,,,,,,,,,,,,,,,eleven,,o'clock,,pm
,,,,,,,,,,,,,,,,,,,,23:05:00,it,is,five,,,,,,past,,,,,,,,,,,,eleven,,,,pm
,,,,,,,,,,,,,,,,,,,,23:10:00,it,is,,ten,,,,,past,,,,,,,,,,,,eleven,,,,pm
,,,,,,,,,,,,,,,,,,,,23:15:00,it,is,,,quarter,,,,past,,,,,,,,,,,,eleven,,,,pm
,,,,,,,,,,,,,,,,,,,,23:20:00,it,is,,,,twenty,,,past,,,,,,,,,,,,eleven,,,,pm
,,,,,,,,,,,,,,,,,,,,23:25:00,it,is,,,,twenty,five,,past,,,,,,,,,,,,eleven,,,,pm
,,,,,,,,,,,,,,,,,,,,23:30:00,it,is,,,,,,half,past,,,,,,,,,,,,eleven,,,,pm
,,,,,,,,,,,,,,,,,,,,23:35:00,it,is,,,,twenty,five,,,to,,,,,,,,,,,,twelve,,,pm
,,,,,,,,,,,,,,,,,,,,23:40:00,it,is,,,,twenty,,,,to,,,,,,,,,,,,twelve,,,pm
,,,,,,,,,,,,,,,,,,,,23:45:00,it,is,,,quarter,,,,,to,,,,,,,,,,,,twelve,,,pm
,,,,,,,,,,,,,,,,,,,,23:50:00,it,is,,ten,,,,,,to,,,,,,,,,,,,twelve,,,pm
,,,,,,,,,,,,,,,,,,,,23:55:00,it,is,five,,,,,,,to,,,,,,,,,,,,twelve,,,pm
,,,,,,,,,,,,,,,,,,,,n_min_led,3,n_minute_state,5,,,,,,,,,,,,,,,,,,,,,,
,,,,,,,,,,,,,,,,,,,,minute row,0,1,2,,,,,,,,,,,,,,,,,,,,,,
,,,,,,,,,,,,,,,,,,,,minute column,15,15,15,,,,,,,,,,,,,,,,,,,,,,
,,,,,,,,,,,,,,,,,,,,0,,,,,,,,,,,,,,,,,,,,,,,,,
,,,,,,,,,,,,,,,,,,,,1,x,,,,,,,,,,,,,,,,,,,,,,,,
,,,,,,,,,,,,,,,,,,,,2,,x,,,,,,,,,,,,,,,,,,,,,,,
,,,,,,,,,,,,,,,,,,,,3,x,x,,,,,,,,,,,,,,,,,,,,,,,
,,,,,,,,,,,,,,,,,,,,4,x,x,x,,,,,,,,,,,,,,,,,,,,,,